Electrification Technology,Population Connected,Investment Required,Capacity Added
Grid Extension,1139187.929598116,134787576.35552916,45197.70058352268
Stand Alone - Photovoltaic,39962.07040188972,245678.5712276056,43.76818063294677
